<?xml version='1.0' encoding='UTF-8' ?>
<timeLogEntries>
  <time id="1" path="/TI1/PSP0/Planning" start="@1613849598485" delta="151" interrupt="1" comment="We finished version 1 of the functional requirements" />
  <time id="2" path="/TI1/PSP0/Design" start="@1613935215000" delta="111" comment="We made version 1 of the class diagram in Visual Paradigm." />
  <time id="3" path="/TI1/PSP0/Design" start="@1614738251682" delta="12" comment="I made the fxml shown when running the program and also made the two where the initial parameters are set." />
  <time id="4" path="/TI1/PSP0/Design" start="@1614739983299" delta="122" comment="I made the fxml shown when running the program and also made the two where the initial parameters are set." />
  <time id="5" path="/TI1/PSP0/Planning" start="@1614912315394" delta="146" comment="I started and advanced a lot the engineering method from step 1 to 4. I am still in 4. I still need to correct and improve some of the 3." />
  <time id="6" path="/TI1/PSP0/Planning" start="@1615132441804" delta="194" comment="We advance further in the engineering method. We have already reached step 6 of this one. As for the RF, they were in Spanish and we translated them into English." />
  <time id="7" path="/TI1/PSP0/Code" start="@1615164699682" delta="53" comment="We start the code with the creation of the different classes designed in the class diagram. We also made progress in implementing our queue. I added the fxml's that I had previously made to the project, and finally I pushed to GitHub." />
  <time id="8" path="/TI1/PSP0/Code" start="@1615242112531" delta="78" comment="We implement our generic stack and link the fxml to Main so that the program can be executed showing GUI. We had a little hiccup with this but we resolved it." />
  <time id="9" path="/TI1/PSP0/Code" start="@1615424549641" delta="176" comment='For an hour, we reviewed the implementation of the generic Hash Table by Juan Pablo Ramos and discussed about it. In a second hour, Jose and I reviewed the GUI and discussed in a first way to understand what to do with the data entry of a book for its addition to the system. In 56 min more, I was just figuring out how to handle an Alert of type CONFIRMATION so that it does an action if it chooses "OK".' />
  <time id="10" path="/TI1/PSP0/Design" start="@1615517299225" delta="193" comment="I did the generic Stack TAD layout." />
  <time id="12" path="/TI1/PSP0/Code" start="@1615572000000" delta="90" comment="Added option to choose the desired sort algorithm, new directory created to store only the data structures used, advancements in addBook () in the Bookstore class, and some fixes in the GUI" />
  <time id="13" path="/TI1/PSP0/Design" start="@1615616820000" delta="210" comment="I did the generic Queue TAD layout and I made a lot of progress in the generic HashTable TAD layout. I also improved TAD things from generic Stack and generic Queue at the same time." />
  <time id="14" path="/TI1/PSP0/Code" start="@1615744800000" delta="180" comment="We tried to use the implement counting sort but we are still missing. Progress was also made in what happens in each of the 4 sections." />
  <time id="15" path="/TI1/PSP0/Code" start="@1615755602000" delta="120" comment="The ordering algorithms are done. It is finally used: bubble sort, merge sort and heap sort." />
  <time id="16" path="/TI1/PSP0/Code" start="@1615771620000" delta="87" comment="Progress in section 4, toString () in the MyStack class and MyQueue done, some additions and corrections in the Client, Cashier, Book and BookstoreGUI classes." />
  <time id="17" path="/TI1/PSP0/Code" start="@1615860451000" delta="187" comment="Improvement in the GUI, the exception MyStackException was missing in MyStack in the pop and peek methods, so it was done, and finally, some small helper methods were implemented in the Bookstore class." />
  <time id="18" path="/TI1/PSP0/Design" start="@1615918077128" delta="112" comment="I finished the design of the generic Hash Table TAD." />
  <time id="19" path="/TI1/PSP0/Planning" start="@1616048220000" delta="72" comment="I started the README and left it in the middle." />
  <time id="20" path="/TI1/PSP0/Planning" start="@1616212200000" delta="38" comment="I practically finished the README." />
  <time id="21" path="/TI1/PSP0/Test" start="@1616132959811" delta="110" comment="I did the tests to the MyStack class." />
  <time id="22" path="/TI1/PSP0/Code" start="@1616043600000" delta="274" comment="Many corrections made regarding the result of the simulation and its 4 sections." />
  <time id="23" path="/TI1/PSP0/Test" start="@1616220420000" delta="60" comment="MyQueueTest completed." />
  <time id="24" path="/TI1/PSP0/Design" start="@1616288400000" delta="120" comment="I made the complete class diagram with Jose." />
  <time id="25" path="/TI1/PSP0/Code" start="@1616279220000" delta="270" comment="I did some method contracts and then with Jose we did the tests of the main operation of the program (main class of the model: Bookstore)." />
  <time id="26" path="/TI1/PSP0/Test" start="@1616176800000" delta="120" comment="I started MyQueueTest, and started and reviewed MyHashTableTest with Jose (his test implementation)." />
  <time id="27" path="/TI1/PSP0/Code" start="@1616224020000" delta="60" comment="I fixed a bug with the merge sort." />
  <time id="28" path="/TI1/PSP0/Code" start="@1616355000000" delta="270" comment="Improvement in the heap sort: now if a book matches the bookshelf of another, it is broken with the lowest ISBN (it also happens for the other orderings). The three of us from the team got together and the program was put to cover the case where a client does not buy any books. I changed the text of two buttons from the main fxml. You have finished writing the text file format with the input data if you choose this option in the program. Finally, we made the temporal and spatial complexity of the bubble sort and the temporal complexity of the heap sort." />
  <time id="29" path="/TI1/PSP0/Code" start="@1616377800000" delta="100" comment="We made the spatial complexity of the heap sort and the temporal and spatial complexity of the merge sort." />
  <time id="30" path="/TI1/PSP0/Design" start="@1616307300000" delta="70" comment="I started the design of the tests: the configuration of the scenarios." />
  <time id="31" path="/TI1/PSP0/Design" start="@1616468400000" delta="180" comment="I made progress in the design of the tests, I am missing the MyHashTableTest and BookstoreTest class." />
  <time id="32" path="/TI1/PSP0/Design" start="@1616489131000" delta="250" comment="I finished the design of the tests completely." />
  <time id="33" path="/TI2/PSP0/Planning" start="@1617843780000" delta="60" comment="We wrote the functional requirements of the program." />
  <time id="34" path="/TI2/PSP0/Design" start="@1617991200000" delta="60" comment="We did a first version of the class diagram to define the classes' name, the attributes' name and the relations' name. Also some methods' name." />
  <time id="35" path="/TI2/PSP0/Planning" start="@1617948736000" delta="60" comment="I did and I uploaded the README of the project in GitHub." />
  <time id="36" path="/TI2/PSP0/Planning" start="@1618120974000" delta="120" comment="We did the step 1 and 2 of the engineering method." />
  <time id="37" path="/TI2/PSP0/Design" start="@1618300800000" delta="210" comment="I designed 3 fxmls: the one seen when the program is executed, the one of the start menu, and the one when adding a new player by graphic interface." />
  <time id="38" path="/TI2/PSP0/Code" start="@1618365640000" delta="90" comment="I searched how to add add a background music to the program and I did it." />
  <time id="39" path="/TI2/PSP0/Code" start="@1618458229000" delta="150" comment="I implemented not definitely the generic AVL Tree" />
  <time id="40" path="/TI2/PSP0/Code" start="@1618472744000" delta="135" comment="I partially implemented the generic Red-Black Tree." />
  <time id="41" path="/TI2/PSP0/Code" start="@1618596021000" delta="120" comment="We corrected the size of some buttons of some fxmls, we add an external library (.JAR) called JFoeniX to the project in order to make more aesthetic the GUI, and thus we add an explanation of this action to the README.." />
  <time id="42" path="/TI2/PSP0/Code" start="@1618961493000" delta="88" comment="I did the method deletePlayer() and with Juan Pablo we corrected some detalis of the addPlayer() method that he did. Also we add another statistical attribute (Blocks) and so another tree, specifically a BST." />
  <time id="43" path="/TI2/PSP0/Design" start="@1618708823000" delta="120" comment="I did the fxml of the modificatio of a player." />
  <time id="44" path="/TI2/PSP0/Code" start="@1618798961000" delta="75" comment="I organized better the AVL Tree implementation." />
  <time id="45" path="/TI2/PSP0/Code" start="@1618758021000" delta="180" comment="We did the implementation of a generic BST with its BSTNode." />
  <time id="46" path="/TI2/PSP0/Design" start="@1618844448000" delta="30" comment="I did the fxml of the deletion of a player." />
  <time id="47" path="/TI2/PSP0/Design" start="@1618870506000" delta="120" comment='I did the fxml of the search result of the desired players. Also we tried to make some "only numbers" text fields.' />
  <time id="48" path="/TI2/PSP0/Design" start="@1618886341000" delta="210" comment="I designed the fxml of the search of players by 1 or 2 statistical attributes given a range of values. I also did 4 fxmls (the 4 ones to make the user specify the way he/she wants to perform an action: by platform or by text file)." />
  <time id="49" path="/TI2/PSP0/Code" start="@1618981415000" delta="165" comment="I changed and corrected the Red-Black tree with its node too." />
  <time id="50" path="/TI2/PSP0/Code" start="@1619024408000" delta="30" comment="We begin to implement the persistence of the program." />
  <time id="51" path="/TI2/PSP0/Code" start="@1619134222000" delta="90" comment="We added a new .jar for CSV files manipulation and we began to correct some mistakes found due to misunderstandings with what the program does." />
  <time id="52" path="/TI2/PSP0/Planning" start="@1619364247000" delta="87" comment="I did almost completely the engineering method." />
  <time id="53" path="/TI2/PSP0/Design" start="@1619369460000" delta="94" comment="I changed some fxmls." />
  <time id="54" path="/TI2/PSP0/Planning" start="@1619324581000" delta="240" comment="I did the write the ADT Red-Black Tree and I advanced a lot in the engineering method, almost finishing it." />
  <time id="55" path="/TI2/PSP0/Design" start="@1619193657000" delta="120" comment="I help Jose with the correction of the ADT Binary Search Tree and I finished the ADT AVL Tree." />
  <time id="56" path="/TI2/PSP0/Design" start="@1619144884000" delta="150" comment="I almost finished the ADT AVL Tree." />
  <time id="57" path="/TI2/PSP0/Test" start="@1619566235000" delta="200" comment="I almost finished the tests from the AVL tree and from the BST Tree." />
  <time id="58" path="/TI2/PSP0/Code" start="@1619566220551" delta="466" />
  <time id="59" path="/TI2/PSP0/Code" start="@1619718068557" delta="62" />
</timeLogEntries>
